{"cameraMode":{"drawMode":0,"name":"Shaded","section":"Shading Mode"},"sceneLighting":true,"audioPlay":false,"sceneViewState":{"showFog":true,"showMaterialUpdate":false,"showSkybox":true,"showFlares":true,"showImageEffects":true,"showParticleSystems":true},"in2DMode":true,"pivot":{"x":1324.8909912109375,"y":34.80594253540039,"z":-13.660393714904786},"rotation":{"x":-0.0001468894479330629,"y":0.0015158526366576553,"z":-0.00035462251980789006,"w":-0.9999988079071045},"size":1926.92333984375,"orthographic":true}