{"cameraMode":{"drawMode":0,"name":"Shaded","section":"Shading Mode"},"sceneLighting":true,"audioPlay":false,"sceneViewState":{"showFog":true,"showMaterialUpdate":false,"showSkybox":true,"showFlares":true,"showImageEffects":true,"showParticleSystems":true},"in2DMode":true,"pivot":{"x":3.216244697570801,"y":-3.3966104984283449,"z":-0.03959240764379501},"rotation":{"x":-0.0001468894479330629,"y":0.0015158526366576553,"z":-0.00035462251980789006,"w":-0.9999988079071045},"size":14.949999809265137,"orthographic":true}