{"cameraMode":{"drawMode":0,"name":"Shaded","section":"Shading Mode"},"sceneLighting":true,"audioPlay":false,"sceneViewState":{"showFog":true,"showMaterialUpdate":false,"showSkybox":true,"showFlares":true,"showImageEffects":true,"showParticleSystems":true},"in2DMode":true,"pivot":{"x":60.748863220214847,"y":-13.278257369995118,"z":-0.9106996059417725},"rotation":{"x":-0.0001468894479330629,"y":0.0015158526366576553,"z":-0.00035462251980789006,"w":-0.9999988079071045},"size":119.4209213256836,"orthographic":true}